
USE ESTUDIO;

-- INSERT INTO CargoLaboral VALUES('GERENTE')
-- INSERT INTO CargoLaboral VALUES('ADMINISTRADOR')
-- INSERT INTO CargoLaboral VALUES('SECRETARIA')

GO


GO
INSERT [TipoEvento]  VALUES ( N'Evento_15_a絪s')
INSERT [TipoEvento]  VALUES ( N'Evento_Bautiso')
INSERT [TipoEvento]  VALUES ( N'Evento_corporativo')
INSERT [TipoEvento]  VALUES ( N'Evento_Matrimonio')

GO


GO
INSERT [TipoEquipo]  VALUES ( N'Camara_Filmadora')
INSERT [TipoEquipo]  VALUES ( N'Camara_Fotografica')
INSERT [TipoEquipo]  VALUES ( N'Luces')

GO



GO
INSERT [Reserva]   VALUES (123, CAST(0xF3360B00 AS Date), CAST(0xF9360B00 AS Date), NULL, N'JUAN', N'15_a絪s')
INSERT [Reserva]   VALUES (124, CAST(0x14370B00 AS Date), CAST(0x15370B00 AS Date), NULL, N'LORENA', N'Bautiso')
INSERT [Reserva]   VALUES (147, CAST(0x6C370B00 AS Date), CAST(0x6E370B00 AS Date), NULL, N'CLAUDIA', N'Matrimonio_Civil')
INSERT [Reserva]   VALUES (155, CAST(0x9C360B00 AS Date), CAST(0x9F360B00 AS Date), NULL, N'LEONEL', N'Bautiso')
INSERT [Reserva]   VALUES (125, '15-04-2013 ','20-04-2013 ', NULL, N'JUAN', N'15_a絪s')

GO

GO
INSERT [Persona]  VALUES (N'10000', N'DIANE', N'LOPEZ', N'FLAMAND', N'IRALA 41', 1, N'3444444', N'DIANE@HOTMAIL.COM')
INSERT [Persona]  VALUES (N'10001', N'PEDRO', N'ARDAYA', N'FLORES', N'AV.MOSCU', 0, N'3557896', N'PEDRO@HOTMAIL.COM')
INSERT [Persona]  VALUES (N'10002', N'JESUS', N'MOTA헲', N'MANSILLA', N'AV.PALMAR', 0, N'3584217', N'JESUS@HOTMAIL.COM')
INSERT [Persona]  VALUES (N'10003', N'KEVIN', N'CHOQUE', N'SAUSEDO', N'CA헲TO 145', 0, N'3555555', N'KEVIN@HOTMAIL.COM')
INSERT [Persona]  VALUES (N'10004', N'JENNIFER', N'VILLARUEL', N'NAVARRO', N'SEOANE 200', 1, N'3666666', N'JENNIFER@HOTMAIL.COM')
INSERT [Persona]  VALUES (N'10005', N'ROSARIO', N'PA헤GUA', N'KALAMBAY', N'AV.PARAGUAY 27', 1, N'3777777', N'ROSARIO@HOTMAIL.COM')
INSERT [Persona]  VALUES (N'10006', N'JUAN', N'BURROWS', N'MELGAR', N'AV.RAFAEL PE헤 17', 0, N'3888888', N'JUAN@HOTMAIL.COM')
INSERT [Persona]  VALUES (N'10007', N'ROBERT', N'AGUILERA', N'RAMIRES', N'AV.CUMAVI', 0, N'3858587', N'ROBET@HOTMAIL.COM')
INSERT [Persona]  VALUES (N'10008', N'LORENA', N'YAPIRE', N'AKU헤', N'B/LOS LOTES', 1, N'3979641', N'AKU헤@HOTMAIL.COM')
INSERT [Persona]  VALUES (N'10009', N'LUIS', N'SALVATIERA', N'SALAS', N'AV.EQUIPETROL', 0, N'3875269', N'LUIS@HOTMAIL.COM')
INSERT [Persona]  VALUES (N'10010', N'ANA', N'GOSALES', N'PEREDO', N'B/LOS ANGLES', 1, N'3546789', N'ANA@HOTMAIL.COM')
INSERT [Persona]  VALUES (N'10011', N'JOSE', N'FERNANDEZ', N'TROPET', N'AV.PARAISO', 0, N'3584217', N'JOSE@HOTMAIL.COM')

GO




GO
INSERT [Paquete]   VALUES ( N'Plata',1500,0,1500, 0)
INSERT [Paquete]   VALUES ( N'Oro', 2100,0,2100,0)
INSERT [Paquete]   VALUES ( N'Platino',2500,0,2500, 0)

GO


GO
INSERT [CategoriaComponente]  VALUES ( N'Edicion')
INSERT [CategoriaComponente]  VALUES ( N'Filmacion')
INSERT [CategoriaComponente]  VALUES ( N'Fotografia')

GO

GO
INSERT [Cliente]  VALUES (N'10006', CAST(0xF3360B00 AS Date))
INSERT [Cliente]  VALUES (N'10007', CAST(0x14370B00 AS Date))
INSERT [Cliente]  VALUES (N'10008', CAST(0x6C370B00 AS Date))
INSERT [Cliente]  VALUES (N'10010', CAST(0x9C360B00 AS Date))
INSERT [Cliente]  VALUES (N'10011', CAST(0x45370B00 AS Date))

GO


GO
INSERT [ComponentePaquete]   VALUES ( N'Plata', 1500, 0,1)
INSERT [ComponentePaquete]   VALUES ( N'Oro', 2100, 0,3)
INSERT [ComponentePaquete]   VALUES ( N'Platino',2500, 0,2 )

GO

GO
INSERT [Evento]   VALUES (21, CAST(0xF9360B00 AS Date), N'Filmacion', CAST(0x07002058A3A70000 AS Time),1, NULL, NULL)
INSERT [Evento]   VALUES (22, CAST(0x15370B00 AS Date), N'Fototografia', CAST(0x0700E80A7E8E0000 AS Time),3, NULL, NULL)
INSERT [Evento]   VALUES (23, CAST(0x6E370B00 AS Date), N'Fotografia', CAST(0x0700B893419F0000 AS Time), 4,NULL, NULL)
INSERT [Evento]   VALUES (24, CAST(0x9F360B00 AS Date), N'Filmacion', CAST(0x0700881C05B00000 AS Time), 1,NULL, NULL)

GO

GO
INSERT [Equipo]  VALUES ( N'CAMARA_FILMADORA', N'SONY', 0,1)
INSERT [Equipo]  VALUES ( N'TRIPO', N'SHURE', 0,2)

GO

GO
INSERT [Empleado]  VALUES (N'10000', 1, CAST(0xF3060B00 AS Date), 2000, CAST(0xC8320B00 AS Date))
INSERT [Empleado]  VALUES (N'10003', 2, CAST(0xF6F90A00 AS Date), 2500, CAST(0xE6320B00 AS Date))
INSERT [Empleado]  VALUES (N'10004', 3, CAST(0x32FA0A00 AS Date), 2100, CAST(0xCB370B00 AS Date))
INSERT [Empleado]  VALUES (N'10005', 2, CAST(0x1A080B00 AS Date), 2500, CAST(0x99360B00 AS Date))

GO

GO
INSERT [UtilizaEE]  VALUES (21, 1)
INSERT [UtilizaEE]  VALUES (22, 2)
INSERT [UtilizaEE]  VALUES (23, 1)
INSERT [UtilizaEE]  VALUES (24, 2)

GO


GO
INSERT [OrdenTrabajo]  VALUES (N'10000', 21, N'FILAMCION', CAST(0xF9360B00 AS Date), CAST(0x01370B00 AS Date),  N'Inicio', 0)
INSERT [OrdenTrabajo]  VALUES (N'10003', 22, N'Fotografia', CAST(0x15370B00 AS Date), CAST(0x19370B00 AS Date), N'terminado', 100)
INSERT [OrdenTrabajo]  VALUES (N'10004', 23, N'Fotografia', CAST(0x6E370B00 AS Date), CAST(0x71370B00 AS Date), N'proceso', 60)
INSERT [OrdenTrabajo]  VALUES (N'10005', 24, N'Filmacion', CAST(0x9F360B00 AS Date), CAST(0x6C370B00 AS Date),  N'Terminado', 100)

GO

--------------------------------
GO
INSERT [IncluyePC]  VALUES (1, 2,1)
INSERT [IncluyePC]  VALUES (2, 1,4)
INSERT [IncluyePC]  VALUES (3, 3,8)

GO

GO
INSERT [FichaDatos]   VALUES (201, 21, N'15_a絪s')
INSERT [FichaDatos]   VALUES (202, 22, N'Bautiso')
INSERT [FichaDatos]   VALUES (203, 23, N'Matrimonio_Civil')
INSERT [FichaDatos]   VALUES (204, 24, N'Bautiso')

GO

GO
INSERT [Direcciones]  VALUES (21, N'Edifico_Oquidia', N'av.montero y seguane#100')
INSERT [Direcciones]  VALUES (22, N'Salon _Evento _Telchi', N'av.santigo #98')
INSERT [Direcciones]  VALUES (23, N'Salon_Evento_Lopez', N'barrio ca絪to #133')
INSERT [Direcciones]  VALUES (24, N'Edificon_Salina', N'av.general#450')

GO


GO
INSERT [Contrato]  VALUES (101,  900, 400, 500, CAST(0xF3360B00 AS Date), N'Ninguna', N'10000', N'10010', 3, 21)
INSERT [Contrato]  VALUES (102,  700, 300, 400, CAST(0x14370B00 AS Date), N'Ninguna', N'10003', N'10008', 2, 22)
INSERT [Contrato]  VALUES (103,  1500, 700, 800, CAST(0x6C370B00 AS Date), N'Ninguna', N'10004', N'10007', 1, 23)

GO



GO
INSERT [Agenda]   VALUES ( 123,21, CAST(0xF9360B00 AS Date))
INSERT [Agenda]   VALUES ( 124,22, CAST(0x15370B00 AS Date))
INSERT [Agenda]   VALUES ( 147,23, CAST(0x6E370B00 AS Date))
INSERT [Agenda]   VALUES ( 155,24, CAST(0x9F360B00 AS Date))

GO

GO
INSERT [Cobros]  VALUES (1, 101, N'BURROWS', CAST(900.00 AS Decimal(10, 2)), CAST(0xF7360B00 AS Date), CAST(0x070080461C860000 AS Time),'10000')
INSERT [Cobros]  VALUES (2, 102, N'AGUILERA', CAST(700.00 AS Decimal(10, 2)), CAST(0x14370B00 AS Date), CAST(0x07007870335C0000 AS Time),'10000')
INSERT [Cobros]  VALUES (3, 103, N'YAPIRE', CAST(1500.00 AS Decimal(10, 2)), CAST(0x6D370B00 AS Date), CAST(0x0700448E02580000 AS Time),'10000')

GO